{"cameraMode":{"drawMode":0,"name":"Shaded","section":"Shading Mode"},"sceneLighting":false,"audioPlay":false,"sceneViewState":{"showFog":true,"showMaterialUpdate":false,"showSkybox":false,"showFlares":true,"showImageEffects":true,"showParticleSystems":true},"in2DMode":false,"pivot":{"x":-0.8999999761581421,"y":2.1500000953674318,"z":-37.540000915527347},"rotation":{"x":0.18894769251346589,"y":-0.38506704568862917,"z":0.08086700737476349,"w":0.8997160196304321},"size":10.0,"orthographic":false}