{"cameraMode":{"drawMode":0,"name":"Shaded","section":"Shading Mode"},"sceneLighting":false,"audioPlay":false,"sceneViewState":{"showFog":true,"showMaterialUpdate":false,"showSkybox":false,"showFlares":true,"showImageEffects":true,"showParticleSystems":true},"in2DMode":false,"pivot":{"x":-3.5676469802856447,"y":-8.745447158813477,"z":-1.6236326694488526},"rotation":{"x":0.28077471256256106,"y":-0.3539107143878937,"z":0.11227446794509888,"w":0.8850516676902771},"size":21.5179443359375,"orthographic":false}